Suite/Test/Step Name,Browser,Description,Tag,Start time,End time,Duration,Status
invoice,Chrome 136.0.7103.114,,,16-05-2025 12:20:36,16-05-2025 12:21:39,1m - 2.608s,PASSED
,,,,,,,
Test Cases/Smarties User/E-Invoice no,Chrome 136.0.7103.114,,,16-05-2025 12:20:37,16-05-2025 12:20:53,16.230s,PASSED
"openBrowser("""")",Chrome 136.0.7103.114,,,16-05-2025 12:20:37,16-05-2025 12:20:41,3.349s,PASSED
"navigateToUrl(""https://smarteis-stg.azurewebsites.net/user/login"")",Chrome 136.0.7103.114,,,16-05-2025 12:20:41,16-05-2025 12:20:43,1.791s,PASSED
maximizeWindow(),Chrome 136.0.7103.114,,,16-05-2025 12:20:43,16-05-2025 12:20:43,0.083s,PASSED
"setText(findTestObject(""Object Repository/Page_Login-/input_Account Login_emailOrPhone""), ""ashraf@skillquotient.net"")",Chrome 136.0.7103.114,,,16-05-2025 12:20:43,16-05-2025 12:20:45,2.525s,PASSED
"setEncryptedText(findTestObject(""Object Repository/Page_Login-/input_Account Login_password""), ""iFGeFYmXIrUhQZHvW7P22w=="")",Chrome 136.0.7103.114,,,16-05-2025 12:20:45,16-05-2025 12:20:46,0.691s,PASSED
"click(findTestObject(""Object Repository/Page_Login-/button_Login""))",Chrome 136.0.7103.114,,,16-05-2025 12:20:46,16-05-2025 12:20:46,0.467s,PASSED
"click(findTestObject(""Object Repository/Page_E-Invoices/a_SINV-MINDIVIDUALTEST""))",Chrome 136.0.7103.114,,,16-05-2025 12:20:46,16-05-2025 12:20:51,4.966s,PASSED
"click(findTestObject(""Object Repository/Page_SQ eInvoice Management System/img""))",Chrome 136.0.7103.114,,,16-05-2025 12:20:51,16-05-2025 12:20:53,1.787s,PASSED
,,,,,,,
Test Cases/Smarties User/Link validation,Chrome 136.0.7103.114,,,16-05-2025 12:20:53,16-05-2025 12:21:38,44.873s,PASSED
"openBrowser("""")",Chrome 136.0.7103.114,,,16-05-2025 12:20:53,16-05-2025 12:20:57,3.229s,PASSED
"navigateToUrl(""https://smarteis-stg.azurewebsites.net/user/login"")",Chrome 136.0.7103.114,,,16-05-2025 12:20:57,16-05-2025 12:20:58,1.423s,PASSED
maximizeWindow(),Chrome 136.0.7103.114,,,16-05-2025 12:20:58,16-05-2025 12:20:58,0.102s,PASSED
"setText(findTestObject(""Object Repository/Page_Login-/input_Account Login_emailOrPhone""), ""ashraf@skillquotient.net"")",Chrome 136.0.7103.114,,,16-05-2025 12:20:58,16-05-2025 12:21:00,1.789s,PASSED
"setEncryptedText(findTestObject(""Object Repository/Page_Login-/input_Account Login_password""), ""iFGeFYmXIrUhQZHvW7P22w=="")",Chrome 136.0.7103.114,,,16-05-2025 12:21:00,16-05-2025 12:21:01,0.485s,PASSED
"click(findTestObject(""Object Repository/Page_Login-/span_Login""))",Chrome 136.0.7103.114,,,16-05-2025 12:21:01,16-05-2025 12:21:01,0.404s,PASSED
"click(findTestObject(""Object Repository/Page_SQ eInvoice Management System/img""))",Chrome 136.0.7103.114,,,16-05-2025 12:21:01,16-05-2025 12:21:33,31.636s,PASSED
"click(findTestObject(""Object Repository/Page_E-Invoices/a_SINV-FCG2""))",Chrome 136.0.7103.114,,,16-05-2025 12:21:33,16-05-2025 12:21:34,1.131s,PASSED
"click(findTestObject(""Object Repository/Page_SQ eInvoice Management System/a_Validation link""))",Chrome 136.0.7103.114,,,16-05-2025 12:21:34,16-05-2025 12:21:38,4.286s,PASSED
